# jenkins-docker-job

<?xml version='1.0' encoding='UTF-8'?>
<project>
  <actions/>
  <description></description>
  <keepDependencies>false</keepDependencies>
  <properties/>
  <scm class="hudson.plugins.git.GitSCM" plugin="git@3.1.0">
    <configVersion>2</configVersion>
    <userRemoteConfigs>
      <hudson.plugins.git.UserRemoteConfig>
        <name></name>
        <refspec></refspec>
        <url>https://github.com/amousa1968/jenkins-docker-job.git</url>
      </hudson.plugins.git.UserRemoteConfig>
    </userRemoteConfigs>
    <branches>
      <hudson.plugins.git.BranchSpec>
        <name>**</name>
      </hudson.plugins.git.BranchSpec>
    </branches>
    <disableSubmodules>false</disableSubmodules>
    <recursiveSubmodules>false</recursiveSubmodules>
    <doGenerateSubmoduleConfigurations>false</doGenerateSubmoduleConfigurations>
    <authorOrCommitter>false</authorOrCommitter>
    <clean>false</clean>
    <wipeOutWorkspace>false</wipeOutWorkspace>
    <pruneBranches>false</pruneBranches>
    <remotePoll>false</remotePoll>
    <ignoreNotifyCommit>false</ignoreNotifyCommit>
    <useShallowClone>false</useShallowClone>
    <buildChooser class="hudson.plugins.git.util.DefaultBuildChooser"/>
    <gitTool>maven3</gitTool>
    <submoduleCfg class="list"/>
    <relativeTargetDir></relativeTargetDir>
    <reference></reference>
    <excludedRegions></excludedRegions>
    <excludedUsers></excludedUsers>
    <gitConfigName></gitConfigName>
    <gitConfigEmail></gitConfigEmail>
    <skipTag>false</skipTag>
    <includedRegions></includedRegions>
    <scmName></scmName>
  </scm>
  <assignedNode>docker</assignedNode>
  <canRoam>false</canRoam>
  <disabled>false</disabled>
  <blockBuildWhenDownstreamBuilding>false</blockBuildWhenDownstreamBuilding>
  <blockBuildWhenUpstreamBuilding>false</blockBuildWhenUpstreamBuilding>
  <triggers/>
  <concurrentBuild>false</concurrentBuild>
  <builders>
    <hudson.tasks.Shell>
      <command>IMAGE=$JOB_NAME

docker build -t $IMAGE $WORKSPACE
docker run -v $WORKSPACE:/workspace -w /workspace $IMAGE /bin/sh -ex docker_tests.sh</command>
    </hudson.tasks.Shell>
  </builders>
  <publishers>
    <hudson.plugins.cobertura.CoberturaPublisher plugin="cobertura@1.9.2">
      <coberturaReportFile>coverage.xml</coberturaReportFile>
      <onlyStable>false</onlyStable>
      <failUnhealthy>false</failUnhealthy>
      <failUnstable>false</failUnstable>
      <autoUpdateHealth>false</autoUpdateHealth>
      <autoUpdateStability>false</autoUpdateStability>
      <zoomCoverageChart>false</zoomCoverageChart>
      <maxNumberOfBuilds>0</maxNumberOfBuilds>
      <failNoReports>true</failNoReports>
      <healthyTarget>
        <targets class="enum-map" enum-type="hudson.plugins.cobertura.targets.CoverageMetric">
          <entry>
            <hudson.plugins.cobertura.targets.CoverageMetric>METHOD</hudson.plugins.cobertura.targets.CoverageMetric>
            <int>8000000</int>
          </entry>
          <entry>
            <hudson.plugins.cobertura.targets.CoverageMetric>LINE</hudson.plugins.cobertura.targets.CoverageMetric>
            <int>8000000</int>
          </entry>
          <entry>
            <hudson.plugins.cobertura.targets.CoverageMetric>CONDITIONAL</hudson.plugins.cobertura.targets.CoverageMetric>
            <int>7000000</int>
          </entry>
        </targets>
      </healthyTarget>
      <unhealthyTarget>
        <targets class="enum-map" enum-type="hudson.plugins.cobertura.targets.CoverageMetric">
          <entry>
            <hudson.plugins.cobertura.targets.CoverageMetric>METHOD</hudson.plugins.cobertura.targets.CoverageMetric>
            <int>0</int>
          </entry>
          <entry>
            <hudson.plugins.cobertura.targets.CoverageMetric>LINE</hudson.plugins.cobertura.targets.CoverageMetric>
            <int>0</int>
          </entry>
          <entry>
            <hudson.plugins.cobertura.targets.CoverageMetric>CONDITIONAL</hudson.plugins.cobertura.targets.CoverageMetric>
            <int>0</int>
          </entry>
        </targets>
      </unhealthyTarget>
      <failingTarget>
        <targets class="enum-map" enum-type="hudson.plugins.cobertura.targets.CoverageMetric">
          <entry>
            <hudson.plugins.cobertura.targets.CoverageMetric>METHOD</hudson.plugins.cobertura.targets.CoverageMetric>
            <int>0</int>
          </entry>
          <entry>
            <hudson.plugins.cobertura.targets.CoverageMetric>LINE</hudson.plugins.cobertura.targets.CoverageMetric>
            <int>0</int>
          </entry>
          <entry>
            <hudson.plugins.cobertura.targets.CoverageMetric>CONDITIONAL</hudson.plugins.cobertura.targets.CoverageMetric>
            <int>0</int>
          </entry>
        </targets>
      </failingTarget>
      <sourceEncoding>ASCII</sourceEncoding>
    </hudson.plugins.cobertura.CoberturaPublisher>
    <hudson.tasks.junit.JUnitResultArchiver>
      <testResults>nosetests.xml</testResults>
      <keepLongStdio>false</keepLongStdio>
      <testDataPublishers/>
    </hudson.tasks.junit.JUnitResultArchiver>
  </publishers>
  <buildWrappers/>
</project>